{
  "average_distance": 0.09393878049084442,
  "batch_size": 16,
  "criterion": "SmoothL1Loss",
  "image_size_x": 216,
  "image_size_y": 384,
  "last_loss": 0.002714739879593253,
  "learning_rate": 0.0004,
  "loss_ao10": 0.003325018216855824,
  "num_epochs": 256,
  "start_time": "2024-06-20_17-15-32",
  "type": "base"
}