{
  "average_distance": 0.013564334800804496,
  "batch_size": 8,
  "criterion": "IngredientScannerLoss",
  "image_size_x": 224,
  "image_size_y": 224,
  "last_loss": 0.1867087334394455,
  "learning_rate": 0.0001,
  "loss_alpha": 2.0,
  "loss_ao10": 0.24671412259340286,
  "loss_beta": 1.2,
  "num_epochs": 18,
  "start_time": "2024-07-07_17-07-04",
  "type": "base"
}