{
  "average_distance": 0.3072103174839219,
  "batch_size": 4,
  "criterion": "CrossEntropyLoss",
  "image_size_x": 224,
  "image_size_y": 224,
  "last_loss": 14.263751983642578,
  "learning_rate": 0.0001,
  "loss_ao10": 12.505234241485596,
  "num_epochs": 16,
  "start_time": "2024-07-07_10-56-16",
  "type": "base"
}