{
  "average_distance": 0.022031748674148668,
  "batch_size": 4,
  "criterion": "L1Loss",
  "image_size_x": 224,
  "image_size_y": 224,
  "last_loss": 0.01941809058189392,
  "learning_rate": 0.0001,
  "loss_ao10": 0.02323079966008663,
  "num_epochs": 16,
  "start_time": "2024-07-06_22-33-41",
  "type": "base"
}