{
  "average_distance": 0.1255140286503416,
  "batch_size": 4,
  "image_size_x": 216,
  "image_size_y": 384,
  "last_loss": 0.006868167780339718,
  "learning_rate": 0.0001,
  "loss_ao10": 0.007949999300763011,
  "num_epochs": 128,
  "start_time": "2024-06-17_09-48-34",
  "type": "base"
}