{
  "average_distance": 0.023472286578267696,
  "batch_size": 4,
  "criterion": "MSELoss",
  "image_size_x": 224,
  "image_size_y": 224,
  "last_loss": 0.0005399038200266659,
  "learning_rate": 0.0001,
  "loss_ao10": 0.0009453762555494905,
  "num_epochs": 16,
  "start_time": "2024-07-06_22-26-55",
  "type": "base"
}