{
  "average_distance": 0.09456034295766207,
  "batch_size": 16,
  "criterion": "SmoothL1Loss",
  "image_size_x": 216,
  "image_size_y": 384,
  "last_loss": 0.002222847193479538,
  "learning_rate": 0.0004,
  "loss_ao10": 0.0030249274335801602,
  "num_epochs": 256,
  "start_time": "2024-06-20_16-52-01",
  "type": "base"
}