{
  "average_distance": 0.03550337492563016,
  "batch_size": 8,
  "criterion": "IngredientScannerLoss",
  "image_size_x": 224,
  "image_size_y": 224,
  "last_loss": 0.550510585308075,
  "learning_rate": 1e-06,
  "loss_alpha": 2.0,
  "loss_ao10": 0.6072805106639863,
  "loss_beta": 1.2,
  "num_epochs": 79,
  "start_time": "2024-07-07_17-51-35",
  "type": "base"
}