{
  "average_distance": 0.11838741555358424,
  "batch_size": 4,
  "image_size_x": 216,
  "image_size_y": 384,
  "last_loss": 0.009162692353129387,
  "learning_rate": 0.0001,
  "loss_ao10": 0.006971238763071597,
  "num_epochs": 128,
  "start_time": "2024-06-17_10-01-02",
  "type": "base"
}