{
  "average_distance": 0.020314434660471163,
  "batch_size": 4,
  "criterion": "IngredientScannerLoss",
  "image_size_x": 224,
  "image_size_y": 224,
  "last_loss": 0.13320694863796234,
  "learning_rate": 0.0005,
  "loss_alpha": 2.0,
  "loss_ao10": 0.21630141288042068,
  "loss_beta": 1.2,
  "num_epochs": 16,
  "start_time": "2024-07-07_15-41-50",
  "type": "base"
}